#{"t_start": 1611072861.059411, "env_id": "burger-v106"}
r,l,t
-0.120427,32,1.688145
-0.106712,32,1.863835
-0.089744,32,2.037776
-0.13551,32,2.21191
-0.101621,32,2.385241
-0.250884,32,2.558414
-0.025429,32,2.731661
-0.184788,32,2.905059
-0.085174,32,3.078899
-0.173434,32,3.252814
-0.186891,32,3.427051
-0.215079,32,3.600409
-0.050355,32,3.774165
-0.338906,32,3.947435
-0.021363,32,4.120978
-0.171323,32,4.295679
-0.045641,32,4.469437
-0.187499,32,4.642666
-0.186667,32,4.816345
-0.090739,32,4.991059
-0.270031,32,5.165154
-0.089101,32,5.338253
-0.134878,32,5.511519
-0.074312,32,5.68484
-0.067425,32,5.858696
-0.070356,32,6.032391
-0.219038,32,6.207731
-0.040625,32,6.381183
-0.14576,32,6.557627
-0.321863,32,6.731083
-0.087783,32,6.904609
-0.091455,32,7.078122
-0.223202,32,7.252089
-0.051784,32,7.425314
-0.130673,32,7.600931
-0.067594,32,7.774953
-0.454624,32,7.948743
-0.203372,32,8.123455
-0.10208,32,8.307009
-0.069921,32,8.483328
-0.294005,32,8.658157
-0.119093,32,8.834284
-0.012028,32,9.00947
-0.12484,32,9.183579
-0.077178,32,9.361181
-0.041816,32,9.535067
-0.069872,32,9.708915
-0.175869,32,9.884037
-0.075871,32,10.058789
-0.084095,32,10.232841
-0.084627,32,10.407668
-0.201206,32,10.581789
-0.272671,32,10.755455
-0.108476,32,10.929347
-0.137525,32,11.102763
-0.066654,32,11.277623
-0.227206,32,11.451282
-0.029623,32,11.624473
-0.193828,32,11.797986
-0.048357,32,11.971785
-0.135117,32,12.144871
-0.089158,32,12.318764
-0.131031,32,12.492419
-0.155556,32,12.66533
-0.019395,32,14.20314
-0.102254,32,14.379554
-0.085856,32,14.553098
-0.127878,32,14.726872
-0.230222,32,14.900123
-0.162605,32,15.073781
-0.110721,32,15.246196
-0.058677,32,15.421404
-0.13943,32,15.596147
-0.071364,32,15.77037
-0.099851,32,15.944034
-0.218888,32,16.117764
-0.170681,32,16.291695
-0.161476,32,16.465042
-0.072902,32,16.639021
-0.125896,32,16.825059
-0.106632,32,17.011898
-0.016226,32,17.197067
-0.163127,32,17.381167
-0.052062,32,17.564919
-0.057647,32,17.742108
-0.179096,32,17.919577
-0.011499,32,18.096725
-0.10141,32,18.274447
-0.178506,32,18.447844
-0.072384,32,18.619994
-0.036926,32,18.792284
-0.233901,32,18.964385
-0.131028,32,19.136319
-0.075186,32,19.30834
-0.26878,32,19.480052
-0.114336,32,19.651919
-0.203483,32,19.82411
-0.372041,32,20.00354
-0.069266,32,20.17806
-0.158982,32,20.352711
-0.199901,32,20.527119
-0.058335,32,20.700639
-0.102144,32,20.875272
-0.308227,32,21.049135
-0.032531,32,21.223305
-0.031619,32,21.398177
-0.093313,32,21.572194
-0.20039,32,21.746308
-0.102499,32,21.920883
-0.234414,32,22.095214
-0.180117,32,22.269207
-0.273256,32,22.446084
-0.042701,32,22.620356
-0.038997,32,22.795378
-0.310005,32,22.969656
-0.161333,32,23.144767
-0.066739,32,23.319052
-0.112883,32,23.493104
-0.05587,32,23.667362
-0.177297,32,23.841605
-0.218646,32,24.015377
-0.249513,32,24.189507
-0.106086,32,24.364918
-0.248713,32,24.53856
-0.201638,32,24.712099
-0.231999,32,24.886069
-0.222881,32,25.059792
-0.264769,32,25.234218
-0.079913,32,26.828863
-0.201893,32,27.002647
-0.246122,32,27.176281
-0.172331,32,27.349602
-0.249,32,27.522429
-0.030995,32,27.694592
-0.130568,32,27.866937
-0.132207,32,28.039376
-0.168388,32,28.211631
-0.162173,32,28.384815
-0.623773,32,28.558091
-0.11831,32,28.731125
-0.229886,32,28.903267
-0.271417,32,29.073454
-0.172869,32,29.245546
-0.114219,32,29.418221
-0.149235,32,29.590702
-0.212291,32,29.763155
-0.136317,32,29.93568
-0.07102,32,30.108241
-0.352665,32,30.280854
-0.073303,32,30.45341
-0.039655,32,30.625747
-0.116975,32,30.798345
-0.149761,32,30.970732
-0.027274,32,31.143951
-0.029047,32,31.316809
-0.190308,32,31.489631
-0.047188,32,31.662693
-0.229538,32,31.835681
-0.146959,32,32.008682
-0.227153,32,32.181019
-0.145738,32,32.354289
-0.159305,32,32.525962
-0.09621,32,32.698244
-0.073881,32,32.870841
-0.103096,32,33.043014
-0.202728,32,33.21503
-0.097893,32,33.387938
-0.133649,32,33.561152
-0.016713,32,33.733329
-0.179683,32,33.905581
-0.219173,32,34.077643
-0.086979,32,34.249888
-0.165801,32,34.42565
-0.095656,32,34.598376
-0.136961,32,34.771387
-0.025094,32,34.943192
-0.068858,32,35.112512
-0.147702,32,35.282884
-0.352635,32,35.455085
-0.068086,32,35.627619
-0.076243,32,35.800093
-0.138153,32,35.972242
-0.060758,32,36.144812
-0.2652,32,36.317721
-0.08998,32,36.490162
-0.10967,32,36.663152
-0.145735,32,36.83601
-0.13672,32,37.007953
-0.078123,32,37.179503
-0.104111,32,37.350987
-0.105227,32,37.523423
-0.231833,32,37.695374
-0.129242,32,39.218992
-0.043817,32,39.397511
-0.156283,32,39.57515
-0.088968,32,39.751319
-0.076052,32,39.927453
-0.231012,32,40.103482
-0.196699,32,40.279874
-0.300808,32,40.455677
-0.434076,32,40.631403
-0.094312,32,40.808098
-0.123019,32,40.983952
-0.196559,32,41.160115
-0.054801,32,41.336639
-0.193822,32,41.512708
-0.118753,32,41.687726
-0.140142,32,41.864396
-0.252773,32,42.039878
-0.153217,32,42.215482
-0.092795,32,42.391352
-0.206305,32,42.566944
-0.282548,32,42.742923
-0.104244,32,42.919146
-0.143687,32,43.09484
-0.30225,32,43.271563
-0.126924,32,43.447859
-0.098869,32,43.624845
-0.20188,32,43.800659
-0.105625,32,43.976707
-0.25129,32,44.152103
-0.261052,32,44.328444
-0.09866,32,44.504824
-0.219677,32,44.68153
-0.089253,32,44.858433
-0.179609,32,45.034399
-0.171673,32,45.210286
-0.054213,32,45.386496
-0.197898,32,45.562035
-0.103129,32,45.738233
-0.19559,32,45.914157
-0.175327,32,46.090299
-0.052584,32,46.266619
-0.207852,32,46.443759
-0.216105,32,46.619391
-0.259959,32,46.795685
-0.106592,32,46.971715
-0.062377,32,47.148458
-0.067121,32,47.324542
-0.27358,32,47.501193
-0.201689,32,47.67777
-0.218849,32,47.854137
-0.093063,32,48.030614
-0.054682,32,48.206214
-0.188286,32,48.382379
-0.166665,32,48.558343
-0.14426,32,48.734287
-0.004484,32,48.910087
-0.149549,32,49.085502
-0.097694,32,49.261502
-0.170007,32,49.437882
-0.226667,32,49.614454
-0.279106,32,49.790571
-0.112389,32,49.966843
-0.056469,32,50.142422
-0.164809,32,50.318412
-0.178351,32,51.914706
-0.049425,32,52.087244
-0.241768,32,52.261336
-0.1381,32,52.433492
-0.111967,32,52.605047
-0.127595,32,52.776558
-0.076936,32,52.947648
-0.055916,32,53.119155
-0.098315,32,53.290884
-0.226788,32,53.46235
-0.075027,32,53.634323
-0.18405,32,53.806445
-0.259465,32,53.97824
-0.28023,32,54.149793
-0.146591,32,54.321355
-0.071612,32,54.493067
-0.075496,32,54.665122
-0.072951,32,54.836848
-0.108389,32,55.008021
-0.091419,32,55.179881
-0.14471,32,55.351306
-0.259484,32,55.522925
-0.069021,32,55.695223
-0.066356,32,55.867724
-0.198421,32,56.039748
-0.227459,32,56.211587
-0.175694,32,56.383368
-0.195225,32,56.55464
-0.062925,32,56.726078
-0.1256,32,56.898082
-0.129824,32,57.069961
-0.246715,32,57.241827
-0.121287,32,57.413296
-0.110402,32,57.584961
-0.062258,32,57.756692
-0.086195,32,57.928954
-0.155602,32,58.100547
-0.100433,32,58.272436
-0.070525,32,58.444524
-0.195405,32,58.616108
-0.146437,32,58.787863
-0.210512,32,58.95982
-0.03162,32,59.131641
-0.122569,32,59.303697
-0.154512,32,59.478951
-0.168012,32,59.651358
-0.02306,32,59.823925
-0.038515,32,59.99641
-0.217224,32,60.178059
-0.149682,32,60.348431
-0.128149,32,60.518737
-0.08166,32,60.688469
-0.218161,32,60.858274
-0.133689,32,61.029477
-0.176948,32,61.204307
-0.024815,32,61.378282
-0.371282,32,61.552371
-0.148107,32,61.726287
-0.110572,32,61.901183
-0.172012,32,62.075396
-0.121887,32,62.249285
-0.124381,32,62.423685
-0.235187,32,62.597051
-0.118779,32,62.771039
-0.188523,32,64.360408
-0.232316,32,64.5312
-0.111337,32,64.703352
-0.089788,32,64.875295
-0.130352,32,65.046087
-0.052594,32,65.217374
-0.265443,32,65.386938
-0.122023,32,65.556904
-0.087875,32,65.727936
-0.084268,32,65.899153
-0.261766,32,66.069855
-0.114934,32,66.241277
-0.16461,32,66.412026
-0.233326,32,66.582106
-0.0277,32,66.752465
-0.168338,32,66.923807
-0.124072,32,67.094349
-0.276879,32,67.265141
-0.110835,32,67.435904
-0.039142,32,67.603423
-0.192926,32,67.771101
-0.083756,32,67.939068
-0.269927,32,68.106401
-0.078491,32,68.273618
-0.09257,32,68.440491
-0.221239,32,68.607664
-0.189781,32,68.783504
-0.020585,32,68.95199
-0.135177,32,69.119452
-0.059836,32,69.286911
-0.122116,32,69.454695
-0.164835,32,69.625888
-0.198086,32,69.796412
-0.122513,32,69.967919
-0.171939,32,70.138885
-0.251798,32,70.3096
-0.218306,32,70.481316
-0.047632,32,70.653399
-0.081242,32,70.825269
-0.018282,32,70.996873
-0.152132,32,71.168157
-0.097053,32,71.339649
-0.125842,32,71.510801
-0.131764,32,71.679167
-0.247536,32,71.847884
-0.14916,32,72.016136
-0.107152,32,72.183868
-0.039497,32,72.35144
-0.073956,32,72.518443
-0.293722,32,72.685539
-0.306598,32,72.853071
-0.354023,32,73.020496
-0.155731,32,73.187926
-0.115514,32,73.355517
-0.031979,32,73.52241
-0.159206,32,73.689708
-0.154755,32,73.857297
-0.217796,32,74.024685
-0.222153,32,74.192233
-0.269165,32,74.361118
-0.2326,32,74.532399
-0.185576,32,74.703413
-0.056008,32,74.874268
-0.053423,32,75.045439
-0.023468,32,76.532828
-0.23248,32,76.705388
-0.052835,32,76.879895
-0.10821,32,77.052001
-0.035425,32,77.224554
-0.056874,32,77.396359
-0.125896,32,77.568369
-0.08953,32,77.740008
-0.175198,32,77.912235
-0.07084,32,78.084586
-0.269147,32,78.255725
-0.066837,32,78.427229
-0.019173,32,78.598727
-0.19462,32,78.769834
-0.163886,32,78.94203
-0.093065,32,79.114678
-0.154628,32,79.287096
-0.156915,32,79.458891
-0.113051,32,79.630704
-0.143104,32,79.802406
-0.122129,32,79.974663
-0.356629,32,80.146649
-0.20108,32,80.319353
-0.041891,32,80.49123
-0.119457,32,80.662776
-0.187212,32,80.834584
-0.08095,32,81.006639
-0.1211,32,81.179273
-0.141179,32,81.351309
-0.232086,32,81.523247
-0.146671,32,81.69516
-0.352276,32,81.867141
-0.120421,32,82.039892
-0.282243,32,82.212204
-0.18058,32,82.383572
-0.226435,32,82.555101
-0.049023,32,82.726813
-0.143072,32,82.899256
-0.078254,32,83.071173
-0.134425,32,83.243484
-0.150729,32,83.414923
-0.1511,32,83.587107
-0.119597,32,83.759062
-0.011328,32,83.930639
-0.236728,32,84.102905
-0.106355,32,84.275402
-0.043342,32,84.448328
-0.160761,32,84.620958
-0.248227,32,84.793416
-0.096693,32,84.965516
-0.227636,32,85.138213
-0.092339,32,85.310871
-0.101359,32,85.482664
-0.335222,32,85.654637
-0.15101,32,85.825899
-0.068857,32,85.997927
-0.03012,32,86.169968
-0.259833,32,86.341844
-0.253159,32,86.513612
-0.161386,32,86.685402
-0.092178,32,86.856839
-0.055593,32,87.028582
-0.11531,32,87.200973
-0.341457,32,87.372782
-0.208811,32,88.934647
-0.097631,32,89.112192
-0.040025,32,89.289635
-0.104858,32,89.466186
-0.155073,32,89.642823
-0.146874,32,89.818455
-0.114177,32,89.994703
-0.184967,32,90.170678
-0.165672,32,90.346877
-0.088752,32,90.523401
-0.128507,32,90.699439
-0.136865,32,90.875921
-0.066426,32,91.052147
-0.237276,32,91.228142
-0.237922,32,91.404017
-0.269066,32,91.580553
-0.276283,32,91.756093
-0.090877,32,91.932606
-0.068197,32,92.108262
-0.128998,32,92.284577
-0.509063,32,92.460638
-0.126519,32,92.636597
-0.189139,32,92.812441
-0.251978,32,92.988194
-0.118915,32,93.16402
-0.218411,32,93.340171
-0.060449,32,93.516002
-0.044826,32,93.691816
-0.104274,32,93.867847
-0.155022,32,94.044107
-0.162168,32,94.220096
-0.139498,32,94.396483
-0.156037,32,94.572707
-0.240156,32,94.748853
-0.007229,32,94.92487
-0.133748,32,95.100894
-0.419535,32,95.277263
-0.229582,32,95.452712
-0.041663,32,95.628224
-0.041205,32,95.804553
-0.1194,32,95.980621
-0.158851,32,96.156358
-0.220118,32,96.332318
-0.113189,32,96.508247
-0.248643,32,96.684303
-0.195813,32,96.860335
-0.077085,32,97.036212
-0.126554,32,97.212339
-0.0678,32,97.38839
-0.114567,32,97.564662
-0.175204,32,97.74096
-0.061951,32,97.917281
-0.084724,32,98.093283
-0.019797,32,98.269506
-0.160294,32,98.445336
-0.104743,32,98.620848
-0.128205,32,98.796767
-0.030626,32,98.973056
-0.112065,32,99.148718
-0.083931,32,99.324495
-0.167128,32,99.500721
-0.079512,32,99.676866
-0.157744,32,99.853309
-0.189205,32,100.03028
-0.168187,32,101.579561
-0.073937,32,101.751634
-0.051231,32,101.924495
-0.130989,32,102.095805
-0.124958,32,102.26675
-0.027149,32,102.437088
-0.281625,32,102.607382
-0.181467,32,102.777979
-0.241878,32,102.948931
-0.198269,32,103.119262
-0.184427,32,103.289687
-0.144213,32,103.460573
-0.068849,32,103.631008
-0.137681,32,103.80109
-0.082531,32,103.971923
-0.065021,32,104.142547
-0.028696,32,104.313433
-0.095078,32,104.484473
-0.131247,32,104.656169
-0.193133,32,104.827014
-0.203184,32,104.998023
-0.195136,32,105.168828
-0.249697,32,105.339319
-0.18927,32,105.510566
-0.10334,32,105.681704
-0.159209,32,105.852532
-0.08254,32,106.023592
-0.091328,32,106.194721
-0.059297,32,106.365569
-0.255575,32,106.536718
-0.480843,32,106.706913
-0.08168,32,106.877916
-0.216456,32,107.04931
-0.056309,32,107.2211
-0.134774,32,107.392241
-0.019473,32,107.562903
-0.150391,32,107.733306
-0.210956,32,107.904305
-0.039223,32,108.074965
-0.06483,32,108.246107
-0.053585,32,108.417102
-0.366821,32,108.587693
-0.124975,32,108.75877
-0.113493,32,108.929938
-0.136213,32,109.099993
-0.283769,32,109.271044
-0.06349,32,109.442234
-0.079486,32,109.614691
-0.118519,32,109.786521
-0.28353,32,109.957692
-0.123431,32,110.128337
-0.146472,32,110.298606
-0.071381,32,110.46885
-0.259677,32,110.639459
-0.229091,32,110.810109
-0.270374,32,110.981416
-0.028956,32,111.15201
-0.029235,32,111.322798
-0.074972,32,111.492846
-0.058575,32,111.663303
-0.076529,32,111.833921
-0.313645,32,112.004746
-0.132298,32,112.175648
-0.168678,32,112.346335
-0.286929,32,113.932692
-0.155764,32,114.112341
-0.081101,32,114.291919
-0.089551,32,114.470638
-0.163102,32,114.649493
-0.053517,32,114.827937
-0.0957,32,115.00699
-0.146811,32,115.185502
-0.076819,32,115.363536
-0.139496,32,115.541752
-0.168703,32,115.72014
-0.260111,32,115.899393
-0.083813,32,116.077802
-0.123851,32,116.256626
-0.08576,32,116.435206
-0.034055,32,116.613687
-0.132951,32,116.79279
-0.033136,32,116.972635
-0.041431,32,117.15208
-0.11549,32,117.330285
-0.053488,32,117.509305
-0.138649,32,117.687778
-0.149692,32,117.867464
-0.086031,32,118.046024
-0.110869,32,118.22451
-0.1558,32,118.403152
-0.10913,32,118.585252
-0.215164,32,118.768001
-0.117618,32,118.951096
-0.071287,32,119.133237
-0.138962,32,119.31632
-0.137497,32,119.501475
-0.045322,32,119.688698
-0.205471,32,119.874615
-0.267559,32,120.058037
-0.164116,32,120.241302
-0.07578,32,120.421355
-0.152471,32,120.600925
-0.155814,32,120.78138
-0.011656,32,120.961554
-0.23363,32,121.141858
-0.244726,32,121.323181
-0.051984,32,121.506977
-0.125877,32,121.689775
-0.051423,32,121.873705
-0.110529,32,122.059264
-0.059683,32,122.245866
-0.060212,32,122.428656
-0.222972,32,122.615626
-0.178837,32,122.796457
-0.133837,32,122.978488
-0.416416,32,123.161309
-0.073786,32,123.342787
-0.153964,32,123.522518
-0.178464,32,123.701838
-0.270903,32,123.882801
-0.284814,32,124.063838
-0.054757,32,124.245244
-0.182949,32,124.42781
-0.107406,32,124.609054
-0.061204,32,124.790035
-0.155832,32,124.984228
-0.123919,32,125.172795
-0.238591,32,125.35438
-0.073895,32,126.825359
-0.358992,32,126.998735
-0.051062,32,127.172393
-0.13729,32,127.345417
-0.04088,32,127.518016
-0.069586,32,127.691842
-0.083154,32,127.865335
-0.075441,32,128.038667
-0.060911,32,128.212174
-0.367153,32,128.38518
-0.096634,32,128.558054
-0.421649,32,128.73133
-0.070066,32,128.90488
-0.111498,32,129.078396
-0.293017,32,129.251643
-0.105812,32,129.425171
-0.213766,32,129.597379
-0.003034,32,129.770938
-0.044608,32,129.9445
-0.077513,32,130.117033
-0.17344,32,130.289896
-0.249201,32,130.46238
-0.149646,32,130.635302
-0.041955,32,130.808557
-0.134989,32,130.981633
-0.377495,32,131.15393
-0.187736,32,131.326177
-0.167546,32,131.498246
-0.372295,32,131.671132
-0.187418,32,131.843702
-0.084016,32,132.017019
-0.282303,32,132.18979
-0.144379,32,132.362606
-0.122196,32,132.534917
-0.301553,32,132.708646
-0.085984,32,132.881301
-0.137222,32,133.053812
-0.105733,32,133.226564
-0.180917,32,133.399358
-0.455221,32,133.571814
-0.125534,32,133.746012
-0.170787,32,133.920121
-0.025594,32,134.093073
-0.030174,32,134.265628
-0.095069,32,134.437682
-0.07605,32,134.612664
-0.212836,32,134.786574
-0.233701,32,134.96021
-0.067589,32,135.133536
-0.090564,32,135.306438
-0.056584,32,135.479189
-0.088522,32,135.651924
-0.065405,32,135.824748
-0.205003,32,135.998626
-0.106469,32,136.171535
-0.114305,32,136.344862
-0.139916,32,136.51787
-0.093725,32,136.690848
-0.160312,32,136.86482
-0.204564,32,137.038197
-0.140461,32,137.211571
-0.276875,32,137.385213
-0.142446,32,137.558648
-0.013686,32,137.7311
-0.133213,32,139.15069
-0.27369,32,139.324118
-0.238573,32,139.497113
-0.120822,32,139.671331
-0.172414,32,139.843461
-0.062206,32,140.016824
-0.081057,32,140.189849
-0.170734,32,140.363027
-0.118209,32,140.535422
-0.049108,32,140.708184
-0.057203,32,140.880956
-0.175894,32,141.053877
-0.186436,32,141.226538
-0.014828,32,141.39925
-0.128893,32,141.571635
-0.120258,32,141.74396
-0.166626,32,141.916572
-0.13283,32,142.089047
-0.242738,32,142.262548
-0.127999,32,142.435205
-0.161688,32,142.607203
-0.038952,32,142.780489
-0.138955,32,142.953238
-0.030017,32,143.128214
-0.223046,32,143.302582
-0.16174,32,143.475579
-0.104041,32,143.648714
-0.195808,32,143.820935
-0.127422,32,143.99406
-0.270049,32,144.16684
-0.198543,32,144.339694
-0.055661,32,144.512719
-0.202193,32,144.686316
-0.352745,32,144.85919
-0.149773,32,145.032938
-0.156726,32,145.206764
-0.623316,32,145.380053
-0.106574,32,145.553104
-0.134955,32,145.72683
-0.162439,32,145.900053
-0.069213,32,146.072758
-0.08908,32,146.245901
-0.087732,32,146.418918
-0.121658,32,146.591862
-0.113401,32,146.764802
-0.146953,32,146.938123
-0.026883,32,147.111029
-0.142884,32,147.283998
-0.191856,32,147.456808
-0.163304,32,147.629719
-0.015743,32,147.802558
-0.109739,32,147.975912
-0.196529,32,148.148643
-0.129257,32,148.321386
-0.164353,32,148.494109
-0.064077,32,148.667383
-0.070684,32,148.84028
-0.037202,32,149.013406
-0.101674,32,149.186143
-0.132895,32,149.358638
-0.050603,32,149.531682
-0.134336,32,149.705779
-0.075895,32,149.878253
-0.124272,32,150.051796
-0.076246,32,151.522249
-0.08973,32,151.695034
-0.022808,32,151.867892
-0.307797,32,152.040711
-0.174341,32,152.213751
-0.235605,32,152.386248
-0.049261,32,152.554482
-0.07604,32,152.722026
-0.051478,32,152.889471
-0.022159,32,153.056914
-0.137344,32,153.224469
-0.107296,32,153.391545
-0.174541,32,153.558933
-0.237524,32,153.72637
-0.105694,32,153.89413
-0.085537,32,154.06197
-0.218325,32,154.229779
-0.176308,32,154.398322
-0.169456,32,154.566419
-0.058525,32,154.734102
-0.084285,32,154.901799
-0.265179,32,155.069279
-0.397135,32,155.236957
-0.155083,32,155.404251
-0.060771,32,155.571937
-0.190146,32,155.740683
-0.120685,32,155.909425
-0.043338,32,156.077646
-0.1952,32,156.2452
-0.180485,32,156.412862
-0.191476,32,156.580604
-0.070146,32,156.748245
-0.1425,32,156.916122
-0.014678,32,157.083955
-0.080395,32,157.252516
-0.299544,32,157.419741
-0.249363,32,157.587428
-0.058459,32,157.755211
-0.109298,32,157.922988
-0.138064,32,158.090915
-0.293667,32,158.258823
-0.148522,32,158.42628
-0.282597,32,158.594036
-0.1465,32,158.761998
-0.114035,32,158.929619
-0.087343,32,159.097594
-0.046517,32,159.265368
-0.075848,32,159.433121
-0.131924,32,159.60077
-0.149558,32,159.769543
-0.071878,32,159.937711
-0.117541,32,160.105164
-0.027897,32,160.272771
-0.035002,32,160.440203
-0.132983,32,160.607324
-0.031091,32,160.774862
-0.187049,32,160.942808
-0.212109,32,161.110348
-0.025069,32,161.277823
-0.06741,32,161.447128
-0.138469,32,161.61761
-0.095669,32,161.788308
-0.089714,32,161.959529
-0.160687,32,162.130119
-0.022585,32,163.687411
-0.023359,32,163.866918
-0.07493,32,164.047578
-0.137844,32,164.22652
-0.20185,32,164.404956
-0.109161,32,164.584061
-0.098721,32,164.763058
-0.0621,32,164.9422
-0.103289,32,165.121255
-0.304545,32,165.300204
-0.268313,32,165.478099
-0.222123,32,165.656393
-0.092801,32,165.834815
-0.335866,32,166.014214
-0.22031,32,166.193114
-0.063925,32,166.371787
-0.061143,32,166.55036
-0.137239,32,166.729165
-0.108461,32,166.90895
-0.058574,32,167.087717
-0.171919,32,167.266394
-0.151678,32,167.444792
-0.207293,32,167.62309
-0.152977,32,167.802312
-0.114905,32,167.981094
-0.047397,32,168.159847
-0.088647,32,168.338869
-0.02094,32,168.517453
-0.106887,32,168.696001
-0.116423,32,168.874774
-0.218484,32,169.054319
-0.170379,32,169.232864
-0.183647,32,169.411853
-0.110735,32,169.590946
-0.230268,32,169.770408
-0.101843,32,169.949777
-0.164926,32,170.128495
-0.201559,32,170.307012
-0.118989,32,170.485633
-0.231699,32,170.664502
-0.02261,32,170.843262
-0.02782,32,171.022786
-0.082305,32,171.201184
-0.094376,32,171.379775
-0.191918,32,171.558532
-0.128823,32,171.737417
-0.115541,32,171.916541
-0.016799,32,172.095645
-0.134706,32,172.27431
-0.19889,32,172.452516
-0.085772,32,172.631346
-0.097387,32,172.810004
-0.005829,32,172.989133
-0.0126,32,173.167654
-0.163575,32,173.345683
-0.206596,32,173.523916
-0.067615,32,173.703051
-0.020634,32,173.881718
-0.244714,32,174.060681
-0.110601,32,174.239572
-0.053642,32,174.417576
-0.074118,32,174.595613
-0.050737,32,174.774468
-0.289822,32,174.953609
-0.115489,32,176.458576
-0.063406,32,176.632184
-0.189944,32,176.806152
-0.288714,32,176.978059
-0.146631,32,177.152378
-0.151718,32,177.326732
-0.179056,32,177.500412
-0.169402,32,177.673849
-0.048683,32,177.847536
-0.238863,32,178.021968
-0.02245,32,178.195744
-0.116791,32,178.369717
-0.031652,32,178.543325
-0.072717,32,178.71809
-0.110193,32,178.892563
-0.100623,32,179.066977
-0.019317,32,179.241205
-0.117986,32,179.415083
-0.058855,32,179.589197
-0.055776,32,179.763341
-0.082733,32,179.937537
-0.034963,32,180.112426
-0.116706,32,180.287714
-0.102779,32,180.46215
-0.241339,32,180.636378
-0.124333,32,180.810009
-0.134566,32,180.983841
-0.2097,32,181.158167
-0.087056,32,181.332289
-0.151943,32,181.506435
-0.013697,32,181.681594
-0.281203,32,181.857
-0.102801,32,182.032383
-0.05737,32,182.206749
-0.077364,32,182.38191
-0.066474,32,182.556258
-0.17531,32,182.729817
-0.128669,32,182.903866
-0.364506,32,183.07771
-0.125262,32,183.25139
-0.155935,32,183.424909
-0.056514,32,183.598337
-0.072793,32,183.772543
-0.080425,32,183.947072
-0.145313,32,184.118515
-0.045279,32,184.292487
-0.29135,32,184.466426
-0.11711,32,184.641239
-0.134129,32,184.816585
-0.22811,32,184.99115
-0.030092,32,185.175156
-0.202153,32,185.350604
-0.028864,32,185.525074
-0.072723,32,185.696095
-0.313279,32,185.866982
-0.094651,32,186.038148
-0.185846,32,186.209181
-0.225444,32,186.379649
-0.1262,32,186.55082
-0.045295,32,186.722752
-0.227935,32,186.893856
-0.151301,32,187.065088
-0.009258,32,187.236257
-0.167506,32,187.407798
-0.142097,32,188.910355
-0.104903,32,189.082622
-0.005099,32,189.253689
-0.112393,32,189.426533
-0.262988,32,189.597864
-0.092513,32,189.76899
-0.004543,32,189.940021
-0.097602,32,190.111081
-0.231704,32,190.282548
-0.14573,32,190.455385
-0.09223,32,190.625654
-0.029373,32,190.796978
-0.00615,32,190.968379
-0.203581,32,191.140481
-0.113343,32,191.311428
-0.114396,32,191.482506
-0.005919,32,191.653424
-0.128382,32,191.824348
-0.152398,32,191.995844
-0.092707,32,192.166565
-0.099537,32,192.337557
-0.149896,32,192.508572
-0.091619,32,192.679441
-0.22089,32,192.850658
-0.061903,32,193.021287
-0.159305,32,193.192099
-0.230566,32,193.362847
-0.102696,32,193.533469
-0.107299,32,193.704219
-0.113962,32,193.875291
-0.283765,32,194.046585
-0.194903,32,194.218791
-0.01558,32,194.391796
-0.118294,32,194.564834
-0.056179,32,194.737986
-0.053714,32,194.910831
-0.158748,32,195.084752
-0.161684,32,195.258202
-0.15148,32,195.43148
-0.028059,32,195.604833
-0.162404,32,195.778294
-0.068381,32,195.952392
-0.046227,32,196.125599
-0.039278,32,196.296767
-0.149965,32,196.467602
-0.045209,32,196.638613
-0.039537,32,196.809065
-0.108891,32,196.981805
-0.075836,32,197.153664
-0.234489,32,197.325001
-0.064875,32,197.496072
-0.121192,32,197.667139
-0.390564,32,197.838008
-0.124508,32,198.009186
-0.293019,32,198.180115
-0.053164,32,198.35094
-0.248525,32,198.521625
-0.206995,32,198.692825
-0.033662,32,198.863417
-0.091275,32,199.034404
-0.119717,32,199.205567
-0.131327,32,199.376707
-0.027139,32,199.547856
-0.077199,32,199.718172
-0.167377,32,201.244223
-0.230278,32,201.41392
-0.031819,32,201.586403
-0.149292,32,201.762375
-0.058437,32,201.938466
-0.140418,32,202.11387
-0.071052,32,202.29076
-0.030202,32,202.466876
-0.028666,32,202.642839
-0.102586,32,202.818817
-0.066465,32,202.994869
-0.201013,32,203.170347
-0.262451,32,203.346494
-0.065344,32,203.522149
-0.166012,32,203.698076
-0.160194,32,203.874271
-0.317086,32,204.05028
-0.131719,32,204.226563
-0.116102,32,204.403134
-0.381558,32,204.579292
-0.250374,32,204.755096
-0.015722,32,204.93117
-0.088314,32,205.106842
-0.12324,32,205.283323
-0.183569,32,205.459663
-0.214074,32,205.635538
-0.128683,32,205.811734
-0.151796,32,205.987854
-0.17174,32,206.163935
-0.18473,32,206.340433
-0.090642,32,206.516331
-0.218751,32,206.692706
-0.072132,32,206.868731
-0.154446,32,207.045388
-0.557964,32,207.221354
-0.069691,32,207.398531
-0.093233,32,207.57467
-0.149885,32,207.751193
-0.163164,32,207.927914
-0.23186,32,208.104786
-0.186192,32,208.281272
-0.122974,32,208.458183
-0.109703,32,208.635124
-0.185862,32,208.811359
-0.109686,32,208.98769
-0.063052,32,209.163824
-0.346385,32,209.34002
-0.055781,32,209.516226
-0.150127,32,209.693153
-0.126378,32,209.871005
-0.094908,32,210.048077
-0.200682,32,210.225202
-0.100228,32,210.401347
-0.123659,32,210.577073
-0.199355,32,210.752922
-0.223784,32,210.929028
-0.071579,32,211.104898
-0.099995,32,211.280965
-0.063468,32,211.456687
-0.117133,32,211.631996
-0.048212,32,211.808203
-0.054817,32,211.984878
-0.198192,32,212.160836
-0.095574,32,212.339329
-0.012061,32,213.934831
-0.084976,32,214.112152
-0.145231,32,214.289574
-0.044206,32,214.465857
-0.043688,32,214.643308
-0.246447,32,214.82066
-0.117042,32,214.997763
-0.033856,32,215.174497
-0.086611,32,215.351157
-0.142016,32,215.528537
-0.234732,32,215.705164
-0.187271,32,215.881343
-0.051353,32,216.058908
-0.15437,32,216.236655
-0.096841,32,216.413205
-0.214664,32,216.589121
-0.064341,32,216.764875
-0.03215,32,216.940619
-0.016055,32,217.117123
-0.009059,32,217.294597
-0.052977,32,217.470473
-0.190721,32,217.646309
-0.12047,32,217.82152
-0.241178,32,217.99832
-0.102812,32,218.174603
-0.063811,32,218.352039
-0.071347,32,218.528249
-0.155539,32,218.704667
-0.161694,32,218.880762
-0.127112,32,219.05842
-0.140774,32,219.234887
-0.12211,32,219.410564
-0.086266,32,219.586652
-0.051832,32,219.763066
-0.127574,32,219.939892
-0.195863,32,220.11659
-0.085937,32,220.292494
-0.007576,32,220.468746
-0.087696,32,220.644678
-0.056176,32,220.821044
-0.225492,32,220.997322
-0.121994,32,221.173848
-0.269452,32,221.349863
-0.060166,32,221.525908
-0.19126,32,221.701827
-0.158362,32,221.878036
-0.049365,32,222.054565
-0.124758,32,222.230583
-0.024473,32,222.406364
-0.189539,32,222.582281
-0.123156,32,222.758106
-0.205799,32,222.934014
-0.124577,32,223.110304
-0.144069,32,223.286368
-0.354975,32,223.462088
-0.125178,32,223.637803
-0.23689,32,223.813895
-0.290854,32,223.990117
-0.058911,32,224.166059
-0.086779,32,224.342243
-0.056173,32,224.517993
-0.036435,32,224.694074
-0.096431,32,224.870258
-0.128015,32,225.046604
-0.089383,32,226.673049
-0.124975,32,226.849124
-0.107091,32,227.025964
-0.197895,32,227.202135
-0.144259,32,227.379885
-0.015031,32,227.555663
-0.177305,32,227.731591
-0.018068,32,227.907723
-0.160351,32,228.084313
-0.064602,32,228.260294
-0.020132,32,228.43671
-0.305782,32,228.612676
-0.298529,32,228.788635
-0.105791,32,228.96452
-0.068469,32,229.140865
-0.128922,32,229.317563
-0.408183,32,229.494096
-0.228047,32,229.670648
-0.038432,32,229.847373
-0.101582,32,230.024576
-0.032373,32,230.201048
-0.173645,32,230.377658
-0.148553,32,230.553616
-0.067435,32,230.729928
-0.171304,32,230.906
-0.014528,32,231.082235
-0.086192,32,231.258682
-0.138464,32,231.434663
-0.004698,32,231.610423
-0.037112,32,231.786022
-0.036068,32,231.962527
-0.056415,32,232.139396
-0.284698,32,232.316734
-0.203853,32,232.492874
-0.187255,32,232.669365
-0.246513,32,232.846023
-0.208455,32,233.023264
-0.103327,32,233.199736
-0.159093,32,233.37583
-0.122445,32,233.551839
-0.094758,32,233.728237
-0.04003,32,233.904603
-0.074052,32,234.081459
-0.251757,32,234.2571
-0.018696,32,234.433016
-0.091367,32,234.609302
-0.127757,32,234.787265
-0.058442,32,234.965048
-0.157611,32,235.142138
-0.080672,32,235.320565
-0.155216,32,235.497972
-0.074484,32,235.674765
-0.109048,32,235.851106
-0.151468,32,236.027944
-0.171411,32,236.204706
-0.193951,32,236.385259
-0.42141,32,236.562487
-0.159864,32,236.738885
-0.101415,32,236.915506
-0.199784,32,237.092172
-0.312668,32,237.268306
-0.10746,32,237.444595
-0.083962,32,237.619924
-0.075164,32,237.795248
-0.186629,32,239.369161
-0.100613,32,239.543275
-0.180479,32,239.719144
-0.254678,32,239.89447
-0.07292,32,240.069022
-0.3031,32,240.242981
-0.171492,32,240.416899
-0.038081,32,240.590906
-0.022983,32,240.765185
-0.017122,32,240.94002
-0.227951,32,241.115276
-0.102853,32,241.286179
-0.172214,32,241.456981
-0.280407,32,241.628155
-0.108451,32,241.799686
-0.150853,32,241.971013
-0.205163,32,242.149777
-0.105478,32,242.329496
-0.152975,32,242.508398
-0.166218,32,242.687732
-0.223542,32,242.866498
-0.214942,32,243.046043
-0.185278,32,243.224246
-0.094426,32,243.404998
-0.148543,32,243.583408
-0.195673,32,243.762118
-0.125353,32,243.940438
-0.158161,32,244.118934
-0.282764,32,244.297655
-0.089918,32,244.476276
-0.305516,32,244.655162
-0.103584,32,244.833524
-0.016366,32,245.013406
-0.160025,32,245.191941
-0.078639,32,245.370369
-0.074624,32,245.548524
-0.225866,32,245.726511
-0.039544,32,245.904291
-0.181436,32,246.082931
-0.123219,32,246.261839
-0.086987,32,246.440144
-0.097553,32,246.61869
-0.059907,32,246.797009
-0.013397,32,246.97579
-0.048966,32,247.154064
-0.148346,32,247.332634
-0.109296,32,247.511112
-0.078097,32,247.689713
-0.127115,32,247.868094
-0.008369,32,248.047249
-0.102255,32,248.225833
-0.289739,32,248.404638
-0.05256,32,248.582274
-0.14299,32,248.760628
-0.081316,32,248.939118
-0.07249,32,249.117949
-0.153833,32,249.296654
-0.138629,32,249.475274
-0.156543,32,249.653689
-0.110124,32,249.832286
-0.076378,32,250.012394
-0.137563,32,250.191408
-0.224716,32,250.369574
-0.20638,32,250.54823
-0.223219,32,252.127006
-0.148083,32,252.305943
-0.090579,32,252.48494
-0.138214,32,252.663488
-0.033184,32,252.842223
-0.349499,32,253.021724
-0.144964,32,253.200183
-0.242392,32,253.379698
-0.076012,32,253.558119
-0.092434,32,253.736342
-0.072533,32,253.915169
-0.111767,32,254.094559
-0.088193,32,254.272697
-0.104863,32,254.452219
-0.151558,32,254.631181
-0.178611,32,254.809911
-0.163618,32,254.988914
-0.035349,32,255.167582
-0.092716,32,255.346028
-0.065938,32,255.524709
-0.014603,32,255.703578
-0.427715,32,255.881845
-0.036054,32,256.060983
-0.074321,32,256.240376
-0.007389,32,256.418827
-0.046125,32,256.597847
-0.124536,32,256.776235
-0.319281,32,256.954395
-0.071052,32,257.133247
-0.15998,32,257.31185
-0.046326,32,257.490419
-0.267502,32,257.667216
-0.104607,32,257.845829
-0.075303,32,258.024595
-0.104947,32,258.203292
-0.158199,32,258.382019
-0.042257,32,258.560788
-0.027743,32,258.738583
-0.25356,32,258.916572
-0.062739,32,259.095485
-0.237004,32,259.274396
-0.066314,32,259.452477
-0.131408,32,259.631476
-0.162537,32,259.810915
-0.077868,32,259.99156
-0.20737,32,260.171316
-0.03411,32,260.349715
-0.216088,32,260.528123
-0.166765,32,260.707556
-0.06274,32,260.88649
-0.189423,32,261.065385
-0.03548,32,261.243355
-0.175734,32,261.421139
-0.120364,32,261.599131
-0.11733,32,261.778709
-0.074399,32,261.958421
-0.227555,32,262.137747
-0.124731,32,262.317008
-0.070405,32,262.495214
-0.169196,32,262.674185
-0.055713,32,262.852735
-0.134563,32,263.034096
-0.015422,32,263.211799
-0.012341,32,263.390245
-0.187222,32,264.967824
-0.246764,32,265.144126
-0.358812,32,265.319152
-0.292514,32,265.492586
-0.154499,32,265.666361
-0.200551,32,265.84069
-0.047406,32,266.015913
-0.023224,32,266.190446
-0.232751,32,266.365277
-0.110893,32,266.53898
-0.094425,32,266.713055
-0.040689,32,266.887141
-0.055822,32,267.062107
-0.047163,32,267.236904
-0.031817,32,267.411339
-0.245719,32,267.586403
-0.091522,32,267.76088
-0.058664,32,267.935089
-0.052633,32,268.112238
-0.150914,32,268.28647
-0.194544,32,268.460367
-0.114263,32,268.634404
-0.145234,32,268.809067
-0.083127,32,268.983496
-0.122389,32,269.158378
-0.121478,32,269.332605
-0.08543,32,269.506937
-0.146782,32,269.681117
-0.080745,32,269.855255
-0.041338,32,270.031006
-0.127848,32,270.205252
-0.0971,32,270.379573
-0.057765,32,270.554045
-0.086636,32,270.728124
-0.070834,32,270.902328
-0.198511,32,271.076786
-0.003015,32,271.25077
-0.226707,32,271.425215
-0.147687,32,271.599049
-0.018172,32,271.772793
-0.069688,32,271.947177
-0.311835,32,272.121386
-0.172224,32,272.296155
-0.151155,32,272.470988
-0.186562,32,272.644721
-0.217979,32,272.819416
-0.082113,32,272.993521
-0.092958,32,273.168085
-0.108649,32,273.342208
-0.028482,32,273.516279
-0.039062,32,273.690629
-0.139622,32,273.865474
-0.051554,32,274.039969
-0.147438,32,274.214635
-0.134463,32,274.39105
-0.157049,32,274.565284
-0.045507,32,274.740596
-0.217184,32,274.914687
-0.034361,32,275.089781
-0.111463,32,275.263573
-0.054479,32,275.437386
-0.068714,32,275.611206
-0.10354,32,275.784591
-0.203662,32,275.958756
-0.015003,32,277.520353
-0.293126,32,277.693804
-0.023363,32,277.866543
-0.077137,32,278.039958
-0.083836,32,278.2132
-0.064964,32,278.384991
-0.240386,32,278.555215
-0.122886,32,278.725647
-0.132057,32,278.896377
-0.054167,32,279.067645
-0.118613,32,279.23779
-0.197848,32,279.408562
-0.00717,32,279.578671
-0.068214,32,279.749191
-0.302801,32,279.919475
-0.181675,32,280.092269
-0.111362,32,280.266256
-0.174238,32,280.438179
-0.072221,32,280.608503
-0.097249,32,280.779277
-0.120808,32,280.949755
-0.163645,32,281.120967
-0.294355,32,281.292377
-0.176317,32,281.46331
-0.037765,32,281.634008
-0.09597,32,281.804455
-0.076087,32,281.975057
-0.213087,32,282.145174
-0.182014,32,282.31529
-0.105446,32,282.485641
-0.108129,32,282.65598
-0.054177,32,282.826206
-0.056787,32,282.996793
-0.124514,32,283.167648
-0.035603,32,283.33827
-0.111632,32,283.508978
-0.215054,32,283.681771
-0.161077,32,283.853666
-0.117179,32,284.024876
-0.023701,32,284.196256
-0.065588,32,284.367393
-0.202307,32,284.538151
-0.158143,32,284.709354
-0.532421,32,284.881212
-0.177165,32,285.05389
-0.132304,32,285.22496
-0.096584,32,285.395984
-0.135996,32,285.566374
-0.076213,32,285.737171
-0.092704,32,285.908297
-0.070046,32,286.080581
-0.053479,32,286.254213
-0.14949,32,286.425349
-0.027577,32,286.597147
-0.120509,32,286.768782
-0.223689,32,286.938955
-0.223379,32,287.110063
-0.061844,32,287.280337
-0.084327,32,287.451552
-0.051343,32,287.621913
-0.141138,32,287.792166
-0.042791,32,287.962345
-0.083177,32,288.133786
-0.056556,32,288.304201
-0.1262,32,289.857471
-0.028894,32,290.027996
-0.171356,32,290.199179
-0.147363,32,290.370187
-0.04359,32,290.540812
-0.216237,32,290.7112
-0.178978,32,290.881707
-0.081821,32,291.052737
-0.316459,32,291.223206
-0.208895,32,291.394176
-0.118844,32,291.564953
-0.199787,32,291.73577
-0.176272,32,291.905456
-0.288112,32,292.076854
-0.088273,32,292.247478
-0.111957,32,292.418327
-0.05011,32,292.58879
-0.11025,32,292.758792
-0.101323,32,292.928694
-0.127393,32,293.099531
-0.106685,32,293.269978
-0.106388,32,293.440228
-0.197874,32,293.61152
-0.223278,32,293.781791
-0.076632,32,293.952762
-0.188548,32,294.124305
-0.037236,32,294.295036
-0.166785,32,294.465949
-0.045342,32,294.636583
-0.08783,32,294.807424
-0.147414,32,294.97854
-0.113714,32,295.150288
-0.06238,32,295.321687
-0.055936,32,295.491897
-0.214771,32,295.662848
-0.146386,32,295.833394
-0.090754,32,296.003958
-0.14626,32,296.175241
-0.104799,32,296.345948
-0.072403,32,296.516512
-0.068075,32,296.687481
-0.152617,32,296.85849
-0.270323,32,297.029988
-0.032652,32,297.201161
-0.06266,32,297.371888
-0.104675,32,297.543176
-0.036002,32,297.714386
-0.07312,32,297.885505
-0.038811,32,298.056957
-0.222029,32,298.22787
-0.084961,32,298.398946
-0.049937,32,298.570611
-0.140478,32,298.741307
-0.131122,32,298.912807
-0.200727,32,299.083757
-0.063369,32,299.254675
-0.118348,32,299.425595
-0.044851,32,299.59668
-0.181131,32,299.767927
-0.091341,32,299.938306
-0.123637,32,300.11025
-0.413054,32,300.283613
-0.113197,32,300.456706
-0.094981,32,300.628671
-0.055088,32,302.222091
-0.046061,32,302.394639
-0.09189,32,302.565465
-0.08724,32,302.735873
-0.201188,32,302.906626
-0.07544,32,303.077497
-0.117149,32,303.248169
-0.101851,32,303.418596
-0.049763,32,303.589148
-0.084141,32,303.760074
-0.161553,32,303.931292
-0.084203,32,304.102466
-0.435743,32,304.273173
-0.143812,32,304.444246
-0.061159,32,304.61533
-0.092714,32,304.786601
-0.08421,32,304.957291
-0.045083,32,305.130013
-0.221605,32,305.301292
-0.191493,32,305.471947
-0.09086,32,305.642744
-0.267668,32,305.813292
-0.10226,32,305.984594
-0.107983,32,306.155933
-0.044499,32,306.326849
-0.143105,32,306.497473
-0.093509,32,306.668422
-0.129579,32,306.839468
-0.074133,32,307.011128
-0.044674,32,307.183023
-0.119039,32,307.354018
-0.186673,32,307.524952
-0.179003,32,307.695599
-0.076806,32,307.866826
-0.082733,32,308.038128
-0.089093,32,308.209342
-0.06231,32,308.380536
-0.072539,32,308.551886
-0.116633,32,308.723014
-0.095757,32,308.893835
-0.080829,32,309.066821
-0.068993,32,309.237601
-0.066477,32,309.408918
-0.117997,32,309.579967
-0.294681,32,309.750945
-0.097226,32,309.92257
-0.260141,32,310.094816
-0.118407,32,310.269363
-0.063125,32,310.442262
-0.163442,32,310.613875
-0.053532,32,310.785962
-0.086586,32,310.956962
-0.131718,32,311.128007
-0.027673,32,311.299327
-0.273401,32,311.474235
-0.006823,32,311.647671
-0.072277,32,311.82097
-0.060926,32,311.994525
-0.11369,32,312.168525
-0.105618,32,312.34166
-0.091489,32,312.514131
-0.04306,32,312.686058
-0.130349,32,312.858027
-0.235435,32,313.029886
-0.233408,32,314.585739
-0.149869,32,314.757419
-0.166517,32,314.928233
-0.098712,32,315.099791
-0.08635,32,315.270556
-0.082957,32,315.441454
-0.060188,32,315.611892
-0.052327,32,315.782385
-0.072586,32,315.953477
-0.133519,32,316.125496
-0.197807,32,316.296602
-0.074144,32,316.467541
-0.146794,32,316.638239
-0.346815,32,316.808161
-0.021328,32,316.979653
-0.138238,32,317.153255
-0.223549,32,317.32608
-0.187449,32,317.498196
-0.208264,32,317.669026
-0.097215,32,317.839725
-0.206686,32,318.011072
-0.043838,32,318.181978
-0.120087,32,318.361858
-0.204487,32,318.534214
-0.009567,32,318.705408
-0.12022,32,318.873575
-0.261664,32,319.041965
-0.032546,32,319.212889
-0.200115,32,319.383465
-0.154735,32,319.554462
-0.038223,32,319.725448
-0.059338,32,319.896442
-0.218025,32,320.067609
-0.109241,32,320.238947
-0.122143,32,320.409969
-0.019854,32,320.57796
-0.226976,32,320.7459
-0.190545,32,320.913705
-0.173516,32,321.081641
-0.131467,32,321.252081
-0.113754,32,321.424812
-0.067875,32,321.597618
-0.063182,32,321.771059
-0.2341,32,321.947944
-0.077916,32,322.1313
-0.197122,32,322.309994
-0.074301,32,322.490568
-0.137932,32,322.688196
-0.01362,32,322.870259
-0.12711,32,323.052438
-0.081462,32,323.229239
-0.066684,32,323.404739
-0.218488,32,323.58023
-0.162048,32,323.7562
-0.083957,32,323.942764
-0.0823,32,324.120802
-0.180453,32,324.296744
-0.078046,32,324.4722
-0.054343,32,324.649299
-0.035673,32,324.826186
-0.010772,32,325.0031
-0.060974,32,325.180106
-0.03982,32,325.355504
-0.128564,32,325.529893
-0.08918,32,326.847456
-0.217575,32,327.023891
-0.069969,32,327.199577
-0.03596,32,327.375735
-0.09645,32,327.551914
-0.042235,32,327.727827
-0.141493,32,327.903456
-0.091583,32,328.079458
-0.060764,32,328.255661
-0.060219,32,328.431198
-0.107251,32,328.607722
-0.098895,32,328.784153
-0.186229,32,328.959766
-0.235267,32,329.136406
-0.097454,32,329.312103
-0.021168,32,329.488443
-0.084252,32,329.663551
-0.263515,32,329.838531
-0.046128,32,330.015253
-0.114629,32,330.191026
-0.14727,32,330.366502
-0.057192,32,330.541302
-0.289686,32,330.715913
-0.136644,32,330.889999
-0.161171,32,331.064696
-0.105158,32,331.240833
-0.035214,32,331.417667
-0.210377,32,331.59308
-0.244958,32,331.767546
-0.179183,32,331.943903
-0.161912,32,332.118966
-0.192852,32,332.294523
-0.31942,32,332.470346
-0.138208,32,332.646249
-0.137997,32,332.822756
-0.090722,32,332.998662
-0.069352,32,333.174704
-0.133501,32,333.350416
-0.090538,32,333.527472
-0.088227,32,333.70412
-0.203543,32,333.880382
-0.079985,32,334.056866
-0.152818,32,334.241596
-0.072767,32,334.417579
-0.07791,32,334.594419
-0.121831,32,334.770996
-0.053067,32,334.947621
-0.200483,32,335.13041
-0.06607,32,335.334682
-0.118922,32,335.518558
-0.157796,32,335.714022
-0.024146,32,335.890879
-0.090603,32,336.072883
-0.043125,32,336.250713
-0.195258,32,336.42691
-0.186269,32,336.603769
-0.086099,32,336.780186
-0.18182,32,336.960527
-0.145258,32,337.141734
-0.089066,32,337.323274
-0.11646,32,337.503984
-0.113726,32,337.684498
-0.075321,32,337.865156
-0.119611,32,338.045799
-0.125007,32,339.564697
-0.096874,32,339.739427
-0.070485,32,339.914636
-0.093818,32,340.089576
-0.056956,32,340.264862
-0.169506,32,340.43872
-0.119717,32,340.611584
-0.041304,32,340.784863
-0.060908,32,340.957895
-0.051874,32,341.137231
-0.040103,32,341.348578
-0.08821,32,341.538804
-0.048612,32,341.728056
-0.076313,32,341.906247
-0.015795,32,342.083686
-0.101976,32,342.259696
-0.117023,32,342.435105
-0.034727,32,342.609975
-0.053745,32,342.785215
-0.0422,32,342.960426
-0.054049,32,343.135649
-0.209224,32,343.312948
-0.049729,32,343.491013
-0.105653,32,343.671199
-0.025742,32,343.846314
-0.103616,32,344.022618
-0.123804,32,344.203203
-0.060817,32,344.386143
-0.235916,32,344.565469
-0.044492,32,344.741006
-0.292702,32,344.916008
-0.185079,32,345.091337
-0.131257,32,345.268232
-0.146539,32,345.447233
-0.02037,32,345.622353
-0.176463,32,345.796669
-0.153373,32,345.971215
-0.096679,32,346.145664
-0.076578,32,346.319731
-0.222645,32,346.493483
-0.189301,32,346.667675
-0.192583,32,346.842484
-0.095271,32,347.017458
-0.067947,32,347.191798
-0.378887,32,347.367352
-0.108477,32,347.541926
-0.084073,32,347.716148
-0.1782,32,347.890259
-0.209271,32,348.064277
-0.097602,32,348.238432
-0.191431,32,348.416799
-0.046461,32,348.592447
-0.138603,32,348.76686
-0.150667,32,348.940573
-0.102394,32,349.114821
-0.235499,32,349.288981
-0.241368,32,349.4632
-0.09737,32,349.637342
-0.212473,32,349.811368
-0.080717,32,349.985191
-0.115088,32,350.160288
-0.11665,32,350.334796
-0.253417,32,350.508969
-0.062413,32,350.683127
-0.211415,32,352.240555
-0.041395,32,352.411736
-0.142615,32,352.584062
-0.090556,32,352.757085
-0.31885,32,352.930012
-0.175869,32,353.101188
-0.126587,32,353.271786
-0.076513,32,353.442634
-0.153913,32,353.613011
-0.11109,32,353.783449
-0.070618,32,353.954577
-0.089026,32,354.125249
-0.175271,32,354.296097
-0.188562,32,354.466688
-0.098337,32,354.637813
-0.021064,32,354.808252
-0.114798,32,354.979398
-0.066685,32,355.150168
-0.119581,32,355.321199
-0.041597,32,355.492245
-0.068873,32,355.663807
-0.20862,32,355.835471
-0.153627,32,356.006326
-0.165826,32,356.177729
-0.064731,32,356.348481
-0.050045,32,356.519141
-0.037697,32,356.690044
-0.411286,32,356.860363
-0.068251,32,357.030731
-0.018053,32,357.201446
-0.084778,32,357.371529
-0.094954,32,357.542459
-0.094015,32,357.713649
-0.126041,32,357.884148
-0.06589,32,358.055138
-0.063615,32,358.225897
-0.211556,32,358.396706
-0.108474,32,358.567725
-0.192442,32,358.738828
-0.16179,32,358.909676
-0.066581,32,359.080451
-0.065666,32,359.251536
-0.064731,32,359.422527
-0.063989,32,359.593486
-0.008365,32,359.764761
-0.0755,32,359.935922
-0.248517,32,360.108587
-0.067346,32,360.280229
-0.108616,32,360.451587
-0.321429,32,360.622742
-0.132318,32,360.794048
-0.136426,32,360.965408
-0.110962,32,361.136063
-0.109445,32,361.306768
-0.122829,32,361.477659
-0.052833,32,361.648174
-0.150133,32,361.818788
-0.309265,32,361.989652
-0.156461,32,362.160564
-0.067001,32,362.331668
-0.098415,32,362.503021
-0.017563,32,362.674042
-0.202349,32,362.844556
-0.009498,32,363.015134
-0.025575,32,364.515514
-0.119998,32,364.686144
-0.071409,32,364.867702
-0.128203,32,365.039455
-0.149579,32,365.210458
-0.118545,32,365.381453
-0.058103,32,365.551753
-0.168857,32,365.722746
-0.072565,32,365.894205
-0.171686,32,366.065164
-0.129234,32,366.237074
-0.185114,32,366.408864
-0.167478,32,366.579808
-0.249738,32,366.750559
-0.150228,32,366.922061
-0.113238,32,367.094048
-0.134484,32,367.2666
-0.074022,32,367.437636
-0.053009,32,367.608706
-0.261216,32,367.779415
-0.072052,32,367.950333
-0.317166,32,368.120797
-0.052501,32,368.291866
-0.211389,32,368.463147
-0.22784,32,368.633722
-0.045745,32,368.804423
-0.059688,32,368.975336
-0.022507,32,369.145801
-0.17628,32,369.316694
-0.033657,32,369.48801
-0.175939,32,369.659213
-0.353265,32,369.829965
-0.06014,32,370.001084
-0.127876,32,370.171667
-0.071813,32,370.344481
-0.067038,32,370.514691
-0.11577,32,370.685625
-0.209951,32,370.856276
-0.187347,32,371.026859
-0.107964,32,371.197907
-0.110505,32,371.368559
-0.034296,32,371.539321
-0.072013,32,371.710779
-0.182711,32,371.881834
-0.174589,32,372.053818
-0.206866,32,372.226713
-0.013592,32,372.399078
-0.1142,32,372.57232
-0.119929,32,372.745415
-0.166448,32,372.918313
-0.105823,32,373.091108
-0.076093,32,373.264307
-0.163176,32,373.436875
-0.132561,32,373.610008
-0.313727,32,373.78357
-0.097408,32,373.957102
-0.143651,32,374.130473
-0.052726,32,374.303924
-0.116886,32,374.477135
-0.148947,32,374.650415
-0.011782,32,374.823616
-0.177373,32,374.997142
-0.016355,32,375.170677
-0.025716,32,375.344432
-0.118038,32,376.848841
-0.144446,32,377.020594
-0.126408,32,377.192627
-0.250189,32,377.364197
-0.014483,32,377.536155
-0.217483,32,377.70727
-0.120253,32,377.879056
-0.008898,32,378.050205
-0.175751,32,378.221044
-0.034038,32,378.392095
-0.05359,32,378.563011
-0.089457,32,378.734197
-0.210421,32,378.915009
-0.227337,32,379.088082
-0.262926,32,379.25979
-0.130822,32,379.438465
-0.122076,32,379.610684
-0.075094,32,379.781866
-0.031446,32,379.952669
-0.061014,32,380.124173
-0.243321,32,380.295886
-0.270464,32,380.467288
-0.353195,32,380.63812
-0.098647,32,380.809577
-0.137501,32,380.983414
-0.082707,32,381.156758
-0.09925,32,381.328348
-0.128265,32,381.500323
-0.202219,32,381.67115
-0.229098,32,381.843264
-0.372195,32,382.014516
-0.066128,32,382.18828
-0.063526,32,382.360957
-0.067091,32,382.532568
-0.267481,32,382.703768
-0.159651,32,382.875309
-0.255339,32,383.046784
-0.058763,32,383.217929
-0.051835,32,383.389338
-0.097259,32,383.560729
-0.126774,32,383.731934
-0.065362,32,383.902885
-0.267397,32,384.07404
-0.108736,32,384.245045
-0.155544,32,384.416131
-0.050097,32,384.587214
-0.074449,32,384.758228
-0.067802,32,384.92946
-0.08349,32,385.100804
-0.050138,32,385.271887
-0.082959,32,385.442884
-0.166295,32,385.613998
-0.031797,32,385.785031
-0.029382,32,385.956122
-0.053789,32,386.128499
-0.085677,32,386.300206
-0.070781,32,386.472601
-0.142323,32,386.644698
-0.032187,32,386.815872
-0.170539,32,386.987129
-0.166252,32,387.159794
-0.071367,32,387.333764
-0.121757,32,387.507459
-0.072619,32,387.681329
-0.06949,32,389.209165
-0.032532,32,389.392472
-0.057114,32,389.564972
-0.185635,32,389.737605
-0.060241,32,389.909685
-0.099385,32,390.081848
-0.112504,32,390.255029
-0.058966,32,390.427886
-0.095943,32,390.596822
-0.246854,32,390.766588
-0.197381,32,390.934803
-0.136971,32,391.103482
-0.156951,32,391.274819
-0.159151,32,391.446184
-0.038278,32,391.617366
-0.155772,32,391.788163
-0.153454,32,391.960165
-0.072391,32,392.131384
-0.051101,32,392.302887
-0.045361,32,392.474766
-0.142388,32,392.643148
-0.231314,32,392.81436
-0.228977,32,392.98227
-0.180034,32,393.152512
-0.027433,32,393.324063
-0.162555,32,393.505021
-0.049643,32,393.677494
-0.139527,32,393.849739
-0.077622,32,394.021663
-0.18064,32,394.19275
-0.040943,32,394.364051
-0.088866,32,394.531731
-0.142684,32,394.699083
-0.082077,32,394.866281
-0.267565,32,395.033568
-0.278188,32,395.201521
-0.063972,32,395.369426
-0.118149,32,395.536793
-0.110715,32,395.704512
-0.321017,32,395.872207
-0.192648,32,396.040273
-0.162993,32,396.207658
-0.039147,32,396.375434
-0.126047,32,396.544137
-0.192027,32,396.711981
-0.081569,32,396.881269
-0.071699,32,397.049497
-0.061563,32,397.217322
-0.151892,32,397.386441
-0.08254,32,397.558158
-0.055907,32,397.729532
-0.267607,32,397.900809
-0.133589,32,398.071806
-0.109072,32,398.243751
-0.14641,32,398.416685
-0.155876,32,398.588783
-0.300227,32,398.760681
-0.240261,32,398.932244
-0.072485,32,399.103151
-0.130219,32,399.274258
-0.040502,32,399.445687
-0.061652,32,399.617073
-0.108021,32,399.78795
-0.254134,32,399.960332
-0.038906,32,401.546458
-0.04067,32,401.726342
-0.126638,32,401.90551
-0.172824,32,402.084867
-0.039242,32,402.264598
-0.052093,32,402.443824
-0.105456,32,402.622947
-0.05681,32,402.802239
-0.227084,32,402.981071
-0.068068,32,403.160288
-0.190283,32,403.339619
-0.031147,32,403.518887
-0.049237,32,403.697833
-0.065257,32,403.877022
-0.072484,32,404.056808
-0.15768,32,404.236758
-0.100712,32,404.416603
-0.032963,32,404.596741
-0.199483,32,404.777937
-0.052368,32,404.960536
-0.081828,32,405.14194
-0.091578,32,405.322263
-0.077936,32,405.503456
-0.074791,32,405.687118
-0.111512,32,405.868171
-0.094537,32,406.05015
-0.118417,32,406.230743
-0.18749,32,406.410386
-0.179178,32,406.588911
-0.089162,32,406.763066
-0.03656,32,406.934304
-0.169865,32,407.105343
-0.016961,32,407.285401
-0.007022,32,407.457535
-0.15389,32,407.631679
-0.04928,32,407.809379
-0.018084,32,407.988992
-0.106878,32,408.163966
-0.079307,32,408.338394
-0.061484,32,408.512837
-0.193766,32,408.6911
-0.080893,32,408.86547
-0.211266,32,409.037782
-0.114887,32,409.211837
-0.126559,32,409.392516
-0.082644,32,409.568941
-0.069218,32,409.750089
-0.189046,32,409.926353
-0.154316,32,410.102578
-0.1226,32,410.2791
-0.029156,32,410.453711
-0.050909,32,410.628271
-0.190148,32,410.804007
-0.158814,32,410.97864
-0.165769,32,411.151217
-0.123463,32,411.327791
-0.11696,32,411.505829
-0.199564,32,411.682695
-0.10757,32,411.858789
-0.067489,32,412.034846
-0.122137,32,412.21032
-0.144823,32,412.385109
-0.187104,32,412.570548
-0.101457,32,412.754323
-0.101898,32,414.346083
-0.133264,32,414.520964
-0.156731,32,414.694791
-0.124263,32,414.86749
-0.1046,32,415.04098
-0.225955,32,415.214197
-0.218,32,415.386991
-0.056103,32,415.560444
-0.097422,32,415.733191
-0.280804,32,415.906211
-0.156678,32,416.082323
-0.08806,32,416.260296
-0.028969,32,416.433929
-0.02935,32,416.607251
-0.030085,32,416.779952
-0.050321,32,416.95324
-0.219927,32,417.126398
-0.272248,32,417.300872
-0.175914,32,417.473985
-0.192447,32,417.646744
-0.165627,32,417.819426
-0.076994,32,417.992607
-0.222205,32,418.165493
-0.078498,32,418.337788
-0.025571,32,418.510522
-0.076918,32,418.683248
-0.052289,32,418.855529
-0.092491,32,419.032286
-0.069498,32,419.207518
-0.065043,32,419.381066
-0.148287,32,419.555836
-0.19646,32,419.730887
-0.139442,32,419.904432
-0.07871,32,420.079467
-0.108772,32,420.254545
-0.16558,32,420.429186
-0.049432,32,420.603282
-0.242083,32,420.777364
-0.159846,32,420.96132
-0.016699,32,421.13526
-0.251135,32,421.311534
-0.352868,32,421.486855
-0.097623,32,421.662588
-0.05397,32,421.836754
-0.108674,32,422.010649
-0.075397,32,422.184157
-0.157516,32,422.358085
-0.252712,32,422.532641
-0.054043,32,422.707628
-0.098818,32,422.881266
-0.192101,32,423.054849
-0.164481,32,423.229291
-0.149091,32,423.403631
-0.179568,32,423.57745
-0.037515,32,423.75288
-0.067893,32,423.926952
-0.067498,32,424.104788
-0.194434,32,424.279063
-0.04748,32,424.453632
-0.191439,32,424.627811
-0.199834,32,424.802379
-0.015317,32,424.976916
-0.145152,32,425.151222
-0.067568,32,425.325622
-0.092636,32,426.976138
-0.193244,32,427.151094
-0.055759,32,427.326153
-0.079539,32,427.498887
-0.195242,32,427.671116
-0.044217,32,427.843177
-0.163933,32,428.014345
-0.054496,32,428.191543
-0.318176,32,428.415821
-0.166541,32,428.612201
-0.077427,32,428.80764
-0.0409,32,428.982512
-0.126548,32,429.157316
-0.115381,32,429.330541
-0.024268,32,429.503701
-0.258127,32,429.684021
-0.11657,32,429.857473
-0.087797,32,430.029864
-0.148485,32,430.202377
-0.074245,32,430.374449
-0.204365,32,430.547739
-0.048051,32,430.722732
-0.053676,32,430.894332
-0.079306,32,431.063828
-0.074847,32,431.233092
-0.131499,32,431.401187
-0.245579,32,431.572316
-0.186114,32,431.753045
-0.126851,32,431.926114
-0.077454,32,432.100934
-0.057382,32,432.281368
-0.076545,32,432.454268
-0.193798,32,432.626969
-0.094394,32,432.798504
-0.035832,32,432.971413
-0.218757,32,433.144755
-0.005213,32,433.316474
-0.142011,32,433.487911
-0.127675,32,433.660201
-0.021225,32,433.833871
-0.060852,32,434.006472
-0.070778,32,434.178997
-0.041536,32,434.35022
-0.01428,32,434.521532
-0.072931,32,434.69299
-0.035754,32,434.865381
-0.222041,32,435.038459
-0.167795,32,435.210408
-0.248762,32,435.38207
-0.036098,32,435.553692
-0.116918,32,435.724882
-0.051278,32,435.895978
-0.009265,32,436.068054
-0.176757,32,436.240178
-0.114253,32,436.411116
-0.278567,32,436.58235
-0.090347,32,436.75354
-0.037791,32,436.924762
-0.045794,32,437.097284
-0.108943,32,437.269204
-0.196426,32,437.440362
-0.154901,32,437.611697
-0.113794,32,437.783275
-0.023826,32,437.954393
-0.118104,32,439.377989
-0.097388,32,439.545428
-0.040037,32,439.713344
-0.121676,32,439.881177
-0.063491,32,440.048964
-0.075416,32,440.216765
-0.018735,32,440.384734
-0.235864,32,440.553132
-0.209353,32,440.721384
-0.144051,32,440.889397
-0.149416,32,441.057523
-0.025084,32,441.225561
-0.101162,32,441.393048
-0.126954,32,441.560662
-0.160689,32,441.728334
-0.114437,32,441.895766
-0.051387,32,442.063619
-0.150183,32,442.231353
-0.148701,32,442.399328
-0.042911,32,442.571742
-0.186986,32,442.74867
-0.126626,32,442.921065
-0.132895,32,443.090394
-0.13887,32,443.258608
-0.138349,32,443.426472
-0.131596,32,443.596545
-0.32838,32,443.850469
-0.058501,32,444.023176
-0.029892,32,444.195104
-0.222373,32,444.365486
-0.249002,32,444.533835
-0.01819,32,444.702866
-0.141382,32,444.872009
-0.298218,32,445.040742
-0.086586,32,445.209663
-0.032935,32,445.378502
-0.116449,32,445.547467
-0.048241,32,445.716222
-0.029071,32,445.885002
-0.099212,32,446.053988
-0.242291,32,446.227288
-0.059056,32,446.399356
-0.188427,32,446.570564
-0.122939,32,446.740903
-0.042102,32,446.910126
-0.288656,32,447.079459
-0.169415,32,447.249292
-0.20961,32,447.421446
-0.039246,32,447.593193
-0.040624,32,447.765635
-0.179736,32,447.937912
-0.055412,32,448.109444
-0.101014,32,448.279273
-0.134581,32,448.448792
-0.20023,32,448.618313
-0.142148,32,448.788196
-0.287726,32,448.957523
-0.230839,32,449.12746
-0.039791,32,449.297292
-0.115092,32,449.46762
-0.075693,32,449.639655
-0.121001,32,449.812089
-0.076706,32,449.983878
-0.149942,32,450.155998
-0.032318,32,451.61195
-0.067831,32,451.782208
-0.159335,32,451.952176
-0.098621,32,452.122777
-0.100391,32,452.292458
-0.112912,32,452.464997
-0.126199,32,452.63726
-0.073326,32,452.809154
-0.097055,32,452.981445
-0.140587,32,453.154138
-0.117524,32,453.326974
-0.007723,32,453.499567
-0.117909,32,453.671887
-0.146763,32,453.84392
-0.018949,32,454.016686
-0.088593,32,454.189407
-0.077302,32,454.361786
-0.038256,32,454.534324
-0.162538,32,454.706439
-0.127867,32,454.878841
-0.090239,32,455.051708
-0.135258,32,455.225626
-0.222993,32,455.398335
-0.195785,32,455.570817
-0.038512,32,455.744901
-0.070281,32,455.918919
-0.11525,32,456.091838
-0.089926,32,456.266144
-0.208826,32,456.43783
-0.125483,32,456.609532
-0.152973,32,456.781698
-0.219613,32,456.954008
-0.159765,32,457.126666
-0.035526,32,457.299377
-0.10285,32,457.472024
-0.188921,32,457.644542
-0.084031,32,457.818807
-0.079341,32,457.990571
-0.124281,32,458.162576
-0.185441,32,458.334558
-0.090294,32,458.506062
-0.053613,32,458.68888
-0.110066,32,458.861676
-0.183997,32,459.033684
-0.071432,32,459.20559
-0.167411,32,459.377549
-0.121931,32,459.549567
-0.172681,32,459.720881
-0.223916,32,459.892816
-0.208886,32,460.065218
-0.150365,32,460.238065
-0.032283,32,460.410273
-0.085042,32,460.582517
-0.010939,32,460.754908
-0.144366,32,460.927149
-0.062162,32,461.099414
-0.063374,32,461.272089
-0.122345,32,461.444091
-0.049656,32,461.616059
-0.141192,32,461.788043
-0.146985,32,461.959747
-0.120053,32,462.132829
-0.175048,32,462.305235
-0.202297,32,462.477633
-0.121268,32,464.009567
-0.098975,32,464.178953
-0.136312,32,464.348367
-0.031767,32,464.517365
-0.039363,32,464.687346
-0.135631,32,464.856699
-0.105881,32,465.025732
-0.27523,32,465.197351
-0.127435,32,465.367116
-0.029988,32,465.537346
-0.059812,32,465.708868
-0.07203,32,465.880638
-0.137456,32,466.052624
-0.070705,32,466.224924
-0.088712,32,466.395188
-0.013345,32,466.563473
-0.042642,32,466.734896
-0.105974,32,466.906339
-0.050403,32,467.076833
-0.1681,32,467.24656
-0.00872,32,467.415379
-0.160387,32,467.585485
-0.09816,32,467.755185
-0.14067,32,467.924361
-0.107431,32,468.093062
-0.207223,32,468.262364
-0.077892,32,468.431493
-0.113152,32,468.601189
-0.246136,32,468.770462
-0.15814,32,468.940441
-0.076264,32,469.109375
-0.110039,32,469.278799
-0.143949,32,469.447925
-0.041864,32,469.619965
-0.081372,32,469.791897
-0.040317,32,469.963462
-0.208153,32,470.1359
-0.203983,32,470.307916
-0.114952,32,470.478204
-0.043671,32,470.6483
-0.168848,32,470.827649
-0.055762,32,470.998418
-0.096624,32,471.168446
-0.106779,32,471.338293
-0.070754,32,471.507998
-0.04426,32,471.677122
-0.057597,32,471.845986
-0.108211,32,472.015655
-0.086234,32,472.183678
-0.030064,32,472.352602
-0.143639,32,472.5213
-0.175017,32,472.689769
-0.10774,32,472.858474
-0.124309,32,473.027016
-0.059658,32,473.196318
-0.014775,32,473.36631
-0.07782,32,473.534853
-0.128743,32,473.703536
-0.101343,32,473.874829
-0.151619,32,474.04691
-0.018062,32,474.218647
-0.120626,32,474.390473
-0.179182,32,474.562204
-0.068332,32,474.734318
-0.132326,32,476.307329
-0.276328,32,476.482688
-0.175338,32,476.657644
-0.03143,32,476.83298
-0.092911,32,477.008096
-0.100785,32,477.183669
-0.114932,32,477.358919
-0.29158,32,477.533919
-0.073961,32,477.709702
-0.159142,32,477.884014
-0.046887,32,478.060994
-0.096467,32,478.236848
-0.02869,32,478.411851
-0.164761,32,478.586833
-0.0536,32,478.762483
-0.030608,32,478.938053
-0.020455,32,479.113822
-0.06513,32,479.289615
-0.006782,32,479.465353
-0.153931,32,479.641331
-0.130584,32,479.81717
-0.261393,32,479.992751
-0.171627,32,480.168314
-0.053251,32,480.343805
-0.127488,32,480.519211
-0.038703,32,480.694695
-0.160332,32,480.869923
-0.033733,32,481.045499
-0.130427,32,481.221335
-0.089748,32,481.396912
-0.144668,32,481.571839
-0.226954,32,481.747426
-0.128976,32,481.923015
-0.032537,32,482.100536
-0.022974,32,482.278568
-0.164697,32,482.45611
-0.094112,32,482.632184
-0.022038,32,482.813523
-0.085469,32,482.997073
-0.089696,32,483.173663
-0.070996,32,483.352619
-0.046498,32,483.529613
-0.11227,32,483.706956
-0.043765,32,483.883352
-0.142068,32,484.059217
-0.055065,32,484.23459
-0.102711,32,484.409907
-0.171342,32,484.58584
-0.063197,32,484.761463
-0.183754,32,484.938776
-0.058948,32,485.114291
-0.105075,32,485.292412
-0.131695,32,485.469285
-0.142267,32,485.649149
-0.178669,32,485.831606
-0.042046,32,486.007979
-0.120199,32,486.187885
-0.285716,32,486.367106
-0.105692,32,486.543173
-0.182529,32,486.722214
-0.020552,32,486.902222
-0.054368,32,487.078824
-0.124896,32,487.256386
-0.064698,32,487.436583
-0.069975,32,489.031723
-0.31238,32,489.203254
-0.098161,32,489.382173
-0.14382,32,489.560791
-0.124139,32,489.74139
-0.184207,32,489.920502
-0.09747,32,490.09958
-0.143864,32,490.278546
-0.192006,32,490.456468
-0.151191,32,490.634312
-0.052328,32,490.813399
-0.196236,32,490.991352
-0.253365,32,491.170372
-0.048273,32,491.34859
-0.169487,32,491.526784
-0.131312,32,491.706521
-0.072613,32,491.886092
-0.032721,32,492.066714
-0.139705,32,492.245372
-0.124933,32,492.424275
-0.177828,32,492.604274
-0.029963,32,492.783144
-0.100721,32,492.961812
-0.169329,32,493.142313
-0.131157,32,493.321238
-0.029228,32,493.50011
-0.046039,32,493.701601
-0.18578,32,493.904886
-0.07584,32,494.092583
-0.127544,32,494.279748
-0.101589,32,494.458956
-0.1317,32,494.680107
-0.230306,32,494.863184
-0.14306,32,495.044316
-0.248869,32,495.223219
-0.173036,32,495.403785
-0.034758,32,495.582307
-0.093281,32,495.760321
-0.066362,32,495.939306
-0.038684,32,496.119909
-0.07826,32,496.302003
-0.026246,32,496.483778
-0.253604,32,496.671766
-0.17463,32,496.869792
-0.283911,32,497.0574
-0.232071,32,497.246624
-0.136208,32,497.441408
-0.054026,32,497.627841
-0.024393,32,497.805982
-0.068559,32,497.984699
-0.137471,32,498.164367
-0.190056,32,498.342393
-0.154255,32,498.519798
-0.041271,32,498.697092
-0.163706,32,498.87397
-0.325025,32,499.055203
-0.086886,32,499.233829
-0.18767,32,499.411262
-0.068573,32,499.589144
-0.126531,32,499.766575
-0.201008,32,499.94373
-0.087081,32,500.122183
-0.095667,32,500.299738
-0.166251,32,500.477134
-0.265922,32,502.24303
-0.175833,32,502.416467
-0.061138,32,502.590565
-0.175007,32,502.76423
-0.16124,32,502.936802
-0.114353,32,503.10879
-0.014288,32,503.280849
-0.147514,32,503.452585
-0.056765,32,503.627444
-0.208206,32,503.803755
-0.108272,32,503.977409
-0.041449,32,504.152247
-0.161884,32,504.328749
-0.04354,32,504.500994
-0.076642,32,504.673568
-0.039749,32,504.845448
-0.042314,32,505.017843
-0.146421,32,505.195138
-0.049468,32,505.369093
-0.065632,32,505.541837
-0.072859,32,505.714984
-0.150525,32,505.892826
-0.048653,32,506.077928
-0.189879,32,506.260906
-0.070283,32,506.44875
-0.122574,32,506.625927
-0.054508,32,506.801971
-0.18336,32,506.977429
-0.123194,32,507.155166
-0.30144,32,507.336519
-0.125008,32,507.514709
-0.107161,32,507.695106
-0.134147,32,507.877819
-0.150281,32,508.053644
-0.118081,32,508.229589
-0.141916,32,508.406721
-0.062799,32,508.586751
-0.048266,32,508.763763
-0.124293,32,508.94124
-0.073743,32,509.120346
-0.166115,32,509.296299
-0.234451,32,509.472305
-0.135475,32,509.654986
-0.27594,32,509.832889
-0.306775,32,510.010058
-0.107748,32,510.192928
-0.118027,32,510.371393
-0.125545,32,510.547867
-0.138283,32,510.724128
-0.172964,32,510.902572
-0.149046,32,511.089296
-0.121217,32,511.2923
-0.302977,32,511.474447
-0.218528,32,511.653651
-0.171408,32,511.831214
-0.103108,32,512.007375
-0.094539,32,512.185527
-0.033693,32,512.364125
-0.065981,32,512.542387
-0.050923,32,512.719456
-0.105465,32,512.89469
-0.026397,32,513.070587
-0.185661,32,513.245458
-0.060023,32,513.420905
-0.11368,32,515.013083
-0.029166,32,515.189433
-0.144705,32,515.365054
-0.061809,32,515.540324
-0.066471,32,515.715937
-0.201482,32,515.891258
-0.173684,32,516.066717
-0.153407,32,516.242986
-0.210098,32,516.418814
-0.165653,32,516.598899
-0.280737,32,516.774162
-0.062278,32,516.95015
-0.202689,32,517.125722
-0.176909,32,517.30166
-0.034709,32,517.476768
-0.009224,32,517.650776
-0.055923,32,517.822688
-0.170171,32,517.99465
-0.110722,32,518.166242
-0.092243,32,518.342142
-0.064282,32,518.519134
-0.203056,32,518.695549
-0.262055,32,518.872657
-0.058064,32,519.049156
-0.106168,32,519.228538
-0.240105,32,519.405164
-0.034696,32,519.581576
-0.036335,32,519.760748
-0.106822,32,519.97331
-0.334677,32,520.151996
-0.080483,32,520.330856
-0.066331,32,520.508813
-0.17688,32,520.686897
-0.105379,32,520.873615
-0.102961,32,521.052902
-0.090449,32,521.236516
-0.113357,32,521.410563
-0.04654,32,521.584641
-0.133245,32,521.760317
-0.058361,32,521.935982
-0.212161,32,522.110483
-0.048896,32,522.284271
-0.159654,32,522.457481
-0.03908,32,522.633049
-0.137214,32,522.815644
-0.088933,32,523.006747
-0.161906,32,523.190818
-0.150706,32,523.37507
-0.034929,32,523.559945
-0.069735,32,523.734733
-0.110729,32,523.908991
-0.055468,32,524.083205
-0.183883,32,524.257118
-0.112374,32,524.431198
-0.051306,32,524.614299
-0.109374,32,524.788275
-0.066545,32,524.961172
-0.18028,32,525.134764
-0.281897,32,525.31317
-0.021179,32,525.494041
-0.064958,32,525.67124
-0.122574,32,525.848168
-0.104407,32,526.032504
-0.218715,32,526.210781
-0.113373,32,527.743297
-0.07524,32,527.919774
-0.228712,32,528.093863
-0.153802,32,528.268692
-0.201265,32,528.443546
-0.078766,32,528.617165
-0.050956,32,528.791484
-0.122387,32,528.965504
-0.24353,32,529.139506
-0.042255,32,529.313566
-0.015411,32,529.487386
-0.22054,32,529.660748
-0.04998,32,529.834835
-0.0858,32,530.008828
-0.059798,32,530.183579
-0.062082,32,530.357525
-0.145823,32,530.53069
-0.089695,32,530.704001
-0.053861,32,530.877921
-0.248817,32,531.051708
-0.07204,32,531.225854
-0.079299,32,531.399582
-0.129996,32,531.572866
-0.206251,32,531.746178
-0.176963,32,531.91946
-0.116411,32,532.093509
-0.074515,32,532.26816
-0.105063,32,532.442422
-0.077785,32,532.626847
-0.237239,32,532.80483
-0.131534,32,532.979105
-0.127005,32,533.153354
-0.179176,32,533.32871
-0.202744,32,533.50559
-0.073092,32,533.679386
-0.114636,32,533.85422
-0.029498,32,534.037053
-0.166773,32,534.211572
-0.109912,32,534.386581
-0.046116,32,534.560398
-0.035715,32,534.73851
-0.057808,32,534.912732
-0.106829,32,535.087153
-0.165164,32,535.261298
-0.032568,32,535.43535
-0.153112,32,535.608298
-0.083053,32,535.782627
-0.083815,32,535.956429
-0.051548,32,536.130704
-0.144853,32,536.305218
-0.031147,32,536.478805
-0.040197,32,536.651713
-0.15982,32,536.825128
-0.259963,32,536.998531
-0.04226,32,537.172562
-0.084422,32,537.347018
-0.169622,32,537.520159
-0.166072,32,537.692879
-0.131146,32,537.865623
-0.072366,32,538.038914
-0.124923,32,538.212003
-0.102928,32,538.385238
-0.039677,32,538.557829
-0.190418,32,538.73075
-0.2211,32,540.264091
-0.084163,32,540.432671
-0.17363,32,540.600939
-0.051805,32,540.76976
-0.16033,32,540.937819
-0.063399,32,541.106445
-0.16877,32,541.275757
-0.235155,32,541.447319
-0.087637,32,541.619424
-0.082531,32,541.791569
-0.051883,32,541.963204
-0.024072,32,542.143887
-0.046412,32,542.320408
-0.21952,32,542.490951
-0.04744,32,542.663199
-0.131917,32,542.835098
-0.043436,32,543.007708
-0.04551,32,543.180118
-0.219572,32,543.354559
-0.149642,32,543.530113
-0.11453,32,543.703045
-0.109368,32,543.875572
-0.106534,32,544.046651
-0.111393,32,544.217405
-0.126114,32,544.390061
-0.024463,32,544.563426
-0.016058,32,544.738144
-0.052645,32,544.91277
-0.028397,32,545.086169
-0.225745,32,545.259938
-0.145123,32,545.435389
-0.026096,32,545.608063
-0.128256,32,545.778991
-0.107014,32,545.949692
-0.146186,32,546.120771
-0.060841,32,546.292121
-0.076703,32,546.471093
-0.145732,32,546.643641
-0.079798,32,546.815692
-0.286684,32,546.986882
-0.149231,32,547.158676
-0.058692,32,547.330435
-0.178377,32,547.501775
-0.231644,32,547.673465
-0.061124,32,547.844942
-0.083516,32,548.01638
-0.140622,32,548.1884
-0.085104,32,548.359602
-0.076765,32,548.530735
-0.128455,32,548.70212
-0.055963,32,548.873645
-0.101106,32,549.04516
-0.092684,32,549.216649
-0.085857,32,549.387702
-0.030182,32,549.561772
-0.056323,32,549.736947
-0.106885,32,549.912246
-0.197654,32,550.087798
-0.019013,32,550.263596
-0.111059,32,550.439064
-0.048473,32,550.614448
-0.127334,32,550.790217
-0.083395,32,550.966048
-0.07876,32,551.141356
-0.102484,32,552.761141
-0.101803,32,552.936723
-0.095827,32,553.112388
-0.125685,32,553.296734
-0.151443,32,553.472362
-0.055024,32,553.648048
-0.247578,32,553.823761
-0.169672,32,553.998409
-0.192636,32,554.173281
-0.187929,32,554.34869
-0.185033,32,554.52338
-0.091805,32,554.697932
-0.169695,32,554.872512
-0.186697,32,555.047487
-0.073258,32,555.222492
-0.166283,32,555.397927
-0.030705,32,555.572936
-0.11164,32,555.748237
-0.088665,32,555.923032
-0.153916,32,556.098199
-0.087333,32,556.274046
-0.143169,32,556.450168
-0.074113,32,556.625989
-0.100663,32,556.801239
-0.005567,32,556.97601
-0.068859,32,557.151133
-0.212802,32,557.327315
-0.049994,32,557.507424
-0.014812,32,557.685355
-0.076003,32,557.863115
-0.035413,32,558.03958
-0.067439,32,558.2157
-0.025649,32,558.401082
-0.016658,32,558.577507
-0.052963,32,558.7546
-0.022546,32,558.931048
-0.180276,32,559.106785
-0.096014,32,559.282073
-0.141961,32,559.45758
-0.162014,32,559.633254
-0.146082,32,559.80814
-0.077697,32,559.983737
-0.106117,32,560.158976
-0.062611,32,560.334028
-0.137477,32,560.509014
-0.063742,32,560.684027
-0.103145,32,560.859497
-0.019328,32,561.034826
-0.059942,32,561.210627
-0.01139,32,561.385991
-0.208522,32,561.561114
-0.035993,32,561.735876
-0.069383,32,561.911629
-0.095017,32,562.089474
-0.0313,32,562.26571
-0.186332,32,562.441853
-0.113859,32,562.618579
-0.033799,32,562.794827
-0.119498,32,562.970194
-0.138907,32,563.145643
-0.061965,32,563.321288
-0.273181,32,563.496263
-0.050798,32,563.671606
-0.071033,32,563.847142
-0.068233,32,565.381603
-0.064865,32,565.553982
-0.109588,32,565.726055
-0.050152,32,565.897832
-0.175123,32,566.070809
-0.213009,32,566.243335
-0.098195,32,566.416894
-0.117722,32,566.590906
-0.126835,32,566.763652
-0.180409,32,566.936274
-0.026643,32,567.109004
-0.050881,32,567.281276
-0.072205,32,567.452967
-0.070619,32,567.625785
-0.101993,32,567.7992
-0.161309,32,567.971771
-0.157123,32,568.14428
-0.13165,32,568.316596
-0.248483,32,568.488285
-0.151089,32,568.660135
-0.059545,32,568.832124
-0.073284,32,569.00408
-0.05741,32,569.183171
-0.141235,32,569.362826
-0.086104,32,569.537654
-0.217968,32,569.713194
-0.092935,32,569.88817
-0.20727,32,570.063533
-0.11966,32,570.238767
-0.249951,32,570.414056
-0.041786,32,570.588869
-0.152032,32,570.763598
-0.045111,32,570.938643
-0.262002,32,571.111845
-0.117422,32,571.287233
-0.124508,32,571.462668
-0.042609,32,571.638448
-0.189638,32,571.81445
-0.26325,32,571.98913
-0.068677,32,572.1641
-0.058108,32,572.339587
-0.068926,32,572.515229
-0.041577,32,572.690979
-0.109906,32,572.866266
-0.077041,32,573.041352
-0.087562,32,573.21712
-0.12451,32,573.393182
-0.089341,32,573.568528
-0.08574,32,573.743863
-0.201512,32,573.927191
-0.077511,32,574.103181
-0.116453,32,574.278931
-0.061605,32,574.454876
-0.136248,32,574.630303
-0.073634,32,574.805559
-0.171245,32,574.980704
-0.010888,32,575.156728
-0.20757,32,575.333425
-0.157357,32,575.508301
-0.281126,32,575.683436
-0.014225,32,575.858853
-0.076938,32,576.034385
-0.126591,32,576.210179
-0.082653,32,576.385795
-0.128532,32,577.966633
-0.103677,32,578.141716
-0.03855,32,578.316546
-0.105561,32,578.491401
-0.052923,32,578.666369
-0.087363,32,578.840995
-0.15648,32,579.015591
-0.047638,32,579.190052
-0.130559,32,579.366371
-0.077517,32,579.542546
-0.176086,32,579.718375
-0.231295,32,579.894791
-0.172607,32,580.070366
-0.10012,32,580.246989
-0.199592,32,580.423206
-0.239639,32,580.599046
-0.153412,32,580.774802
-0.176555,32,580.950402
-0.11127,32,581.125999
-0.213427,32,581.301488
-0.062447,32,581.477925
-0.025719,32,581.654091
-0.073822,32,581.830908
-0.098159,32,582.006947
-0.068373,32,582.182628
-0.068204,32,582.358536
-0.066915,32,582.533232
-0.122359,32,582.708258
-0.045946,32,582.883074
-0.112831,32,583.058259
-0.076098,32,583.233174
-0.252165,32,583.409003
-0.179974,32,583.583307
-0.074856,32,583.758425
-0.135479,32,583.933014
-0.157633,32,584.108473
-0.128114,32,584.283493
-0.062108,32,584.459818
-0.050208,32,584.635997
-0.029625,32,584.811902
-0.140258,32,584.98738
-0.1254,32,585.1628
-0.051824,32,585.338438
-0.10794,32,585.514185
-0.010035,32,585.689016
-0.027161,32,585.864326
-0.166615,32,586.040164
-0.037628,32,586.21504
-0.076393,32,586.390474
-0.280025,32,586.565392
-0.031793,32,586.74163
-0.09778,32,586.917434
-0.285909,32,587.092811
-0.054375,32,587.268284
-0.219876,32,587.444877
-0.023394,32,587.620805
-0.060109,32,587.796394
-0.063393,32,587.97176
-0.126269,32,588.146749
-0.241176,32,588.323276
-0.195439,32,588.499438
-0.103972,32,588.674846
-0.069458,32,588.851301
-0.122552,32,589.031324
-0.041654,32,590.676188
-0.075827,32,590.846536
-0.114206,32,591.015954
-0.176338,32,591.185086
-0.110703,32,591.353344
-0.20376,32,591.521497
-0.08584,32,591.689794
-0.108438,32,591.86164
-0.132855,32,592.034664
-0.044795,32,592.203874
-0.07752,32,592.375757
-0.162097,32,592.549643
-0.100463,32,592.723716
-0.153754,32,592.896034
-0.104234,32,593.069746
-0.025702,32,593.241864
-0.031156,32,593.414555
-0.099926,32,593.58646
-0.030811,32,593.75872
-0.096285,32,593.934125
-0.223845,32,594.106369
-0.181106,32,594.278413
-0.218295,32,594.450996
-0.069884,32,594.623526
-0.130613,32,594.79561
-0.058743,32,594.967991
-0.041681,32,595.14047
-0.071552,32,595.312405
-0.093446,32,595.484305
-0.07648,32,595.657898
-0.110109,32,595.830791
-0.10412,32,596.004408
-0.013604,32,596.176526
-0.080372,32,596.349332
-0.179646,32,596.521591
-0.062216,32,596.693787
-0.21747,32,596.866221
-0.037345,32,597.040963
-0.2233,32,597.213142
-0.194188,32,597.385414
-0.141135,32,597.558007
-0.144098,32,597.730748
-0.139017,32,597.903839
-0.090759,32,598.076604
-0.078133,32,598.24972
-0.157143,32,598.422659
-0.070008,32,598.595183
-0.232082,32,598.767737
-0.178407,32,598.941422
-0.072376,32,599.114565
-0.036409,32,599.286911
-0.045248,32,599.45924
-0.060916,32,599.631573
-0.089037,32,599.803698
-0.169464,32,599.978187
-0.163747,32,600.15062
-0.102527,32,600.322358
-0.100458,32,600.503726
-0.053922,32,600.675063
-0.060595,32,600.847125
-0.119296,32,601.022049
-0.057804,32,601.197597
-0.11877,32,601.373303
-0.15751,32,601.548527
-0.069237,32,603.127242
-0.113498,32,603.303397
-0.170939,32,603.479079
-0.046086,32,603.654065
-0.143865,32,603.829763
-0.04692,32,604.004632
-0.212995,32,604.179958
-0.107352,32,604.355386
-0.139192,32,604.530998
-0.205152,32,604.70529
-0.02243,32,604.882224
-0.150512,32,605.058129
-0.146509,32,605.234172
-0.222897,32,605.409627
-0.131882,32,605.585019
-0.020367,32,605.75969
-0.029757,32,605.93631
-0.182387,32,606.110575
-0.133017,32,606.285865
-0.050336,32,606.459594
-0.144123,32,606.634255
-0.107429,32,606.809446
-0.082521,32,606.984631
-0.040363,32,607.157156
-0.098738,32,607.324874
-0.151362,32,607.497895
-0.067224,32,607.672601
-0.049425,32,607.847037
-0.070146,32,608.021667
-0.205523,32,608.196639
-0.112459,32,608.371185
-0.114681,32,608.542887
-0.085239,32,608.712615
-0.070908,32,608.881143
-0.009705,32,609.050133
-0.06002,32,609.219253
-0.135459,32,609.389275
-0.110582,32,609.564116
-0.145138,32,609.739825
-0.241658,32,609.914234
-0.166811,32,610.088902
-0.04768,32,610.264122
-0.102364,32,610.438704
-0.136268,32,610.611033
-0.009185,32,610.779262
-0.129424,32,610.950239
-0.035572,32,611.125283
-0.010733,32,611.296866
-0.038407,32,611.468642
-0.150513,32,611.644675
-0.028359,32,611.818649
-0.07072,32,611.993476
-0.073994,32,612.16931
-0.285192,32,612.343932
-0.211894,32,612.515593
-0.115575,32,612.686102
-0.027807,32,612.854979
-0.212828,32,613.02381
-0.053136,32,613.194522
-0.140649,32,613.368793
-0.028088,32,613.544918
-0.042793,32,613.71985
-0.110065,32,613.895746
-0.065877,32,614.070705
-0.079066,32,621.006944
-0.078185,32,623.561086
-0.063845,32,626.114088
-0.097393,32,628.671901
-0.053131,32,631.221858
-0.194412,32,633.770506
-0.086064,32,636.330594
-0.034933,32,638.884399
-0.104604,32,641.477388
-0.068599,32,644.048998
-0.06544,32,646.592567
-0.09267,32,649.136515
-0.144395,32,651.699202
-0.259506,32,654.275675
-0.100369,32,656.832641
-0.066347,32,659.39054
-0.009382,32,661.945521
-0.047408,32,664.500684
-0.060839,32,667.071358
-0.133016,32,669.64945
-0.022956,32,672.240528
